job_id,title,company,location,posted_relative,posted_date,badge,url
4059975053,General Apply,LJ Inc.,"Swartz Creek, MI",1 year ago,2024-10-26,Actively Hiring,https://www.linkedin.com/jobs/view/general-apply-at-lj-inc-4059975053
4359839761,Full-Time and Part-Time Opportunities,Downs Food Group,"Greenville, KY",5 months ago,2026-02-06,Be an early applicant,https://www.linkedin.com/jobs/view/full-time-and-part-time-opportunities-at-downs-food-group-4359839761
4416827176,Maintenance,Road Ranger,"Amarillo, TX",1 month ago,2026-05-26,Be an early applicant,https://www.linkedin.com/jobs/view/maintenance-at-road-ranger-4416827176
4384674895,Cashier,The Home Depot,"Niagara Falls, NY",4 months ago,2026-03-14,Be an early applicant,https://www.linkedin.com/jobs/view/cashier-at-the-home-depot-4384674895
4384696244,Cashier,The Home Depot,"Kingston, NY",4 months ago,2026-03-14,Be an early applicant,https://www.linkedin.com/jobs/view/cashier-at-the-home-depot-4384696244
4371016298,General Consideration,CertaSite,"Lafayette, IN",5 months ago,2026-02-10,Be an early applicant,https://www.linkedin.com/jobs/view/general-consideration-at-certasite-4371016298
4439025945,Property Meld Join Our Team,Property Meld,"Rapid City, SD",4 weeks ago,2026-06-15,Be an early applicant,https://www.linkedin.com/jobs/view/property-meld-join-our-team-at-property-meld-4439025945
4437393280,Maintenance Worker,US Army Corps of Engineers,"South El Monte, CA",4 days ago,2026-07-09,Actively Hiring,https://www.linkedin.com/jobs/view/maintenance-worker-at-us-army-corps-of-engineers-4437393280
4436156767,Test Role,Atlantic Strategic Minerals,"Petersburg, VA",2 weeks ago,2026-06-30,Be an early applicant,https://www.linkedin.com/jobs/view/test-role-at-atlantic-strategic-minerals-4436156767
4409987737,Sewer I,Lippert,"Elkhart, IN",2 months ago,2026-05-09,Be an early applicant,https://www.linkedin.com/jobs/view/sewer-i-at-lippert-4409987737
4432001113,Labor,"Innovative Cleaning Services, LLC.","Covington, KY",3 weeks ago,2026-06-22,Be an early applicant,https://www.linkedin.com/jobs/view/labor-at-innovative-cleaning-services-llc-4432001113
4430690911,Maintenance,Road Ranger,"Grayville, IL",2 weeks ago,2026-06-27,Be an early applicant,https://www.linkedin.com/jobs/view/maintenance-at-road-ranger-4430690911
4367556922,Don't fit another role but want us to consider you? Apply here...,Bedrock Robotics,"Lockhart, TX",5 months ago,2026-01-31,,https://www.linkedin.com/jobs/view/don-t-fit-another-role-but-want-us-to-consider-you%3F-apply-here-at-bedrock-robotics-4367556922
4411788468,Team Member,Take 5 Car Wash,"Jackson, TN",1 day ago,2026-07-12,Be an early applicant,https://www.linkedin.com/jobs/view/team-member-at-take-5-car-wash-4411788468
4411797336,Team Member,Take 5 Car Wash,"Vicksburg, MS",1 day ago,2026-07-12,Be an early applicant,https://www.linkedin.com/jobs/view/team-member-at-take-5-car-wash-4411797336
4437996060,Interdisciplinary,US Army Corps of Engineers,"Cheyenne, WY",3 days ago,2026-07-10,Be an early applicant,https://www.linkedin.com/jobs/view/interdisciplinary-at-us-army-corps-of-engineers-4437996060
4372793474,Team Member,Whistle Express Car Wash,"Yorktown, VA",3 weeks ago,2026-06-22,Be an early applicant,https://www.linkedin.com/jobs/view/team-member-at-whistle-express-car-wash-4372793474
4365369599,Team Member,Whistle Express Car Wash,"Fredericksburg, VA",2 weeks ago,2026-06-23,Be an early applicant,https://www.linkedin.com/jobs/view/team-member-at-whistle-express-car-wash-4365369599
4413375550,General Employment Application,"Jtec Industries, Inc. - Material Movement Experts","East Peoria, IL",1 month ago,2026-05-20,Be an early applicant,https://www.linkedin.com/jobs/view/general-employment-application-at-jtec-industries-inc-material-movement-experts-4413375550
4369813776,Sample Job,Montcure LLC,"Dumfries, VA",5 months ago,2026-02-06,Be an early applicant,https://www.linkedin.com/jobs/view/sample-job-at-montcure-llc-4369813776
4427045075,Utility Worker I,"City of Salina, Kansas","Salina, KS",1 month ago,2026-06-10,Be an early applicant,https://www.linkedin.com/jobs/view/utility-worker-i-at-city-of-salina-kansas-4427045075
4414275601,General Shop,HEICO,"Los Angeles, CA",2 months ago,2026-05-13,Be an early applicant,https://www.linkedin.com/jobs/view/general-shop-at-heico-4414275601
4324665899,Future Roles,Schlouch Incorporated,"Blandon, PA",8 months ago,2025-11-02,,https://www.linkedin.com/jobs/view/future-roles-at-schlouch-incorporated-4324665899
4428621485,Production Utility,FXI,"Santa Teresa, NM",4 weeks ago,2026-06-14,Be an early applicant,https://www.linkedin.com/jobs/view/production-utility-at-fxi-4428621485
4389314985,Punchlist,Summertown Metals,"Morristown, TN",3 months ago,2026-03-23,Be an early applicant,https://www.linkedin.com/jobs/view/punchlist-at-summertown-metals-4389314985
4423657972,General Interest Application,US Mobile,"New York, NY",1 month ago,2026-06-11,Actively Hiring,https://www.linkedin.com/jobs/view/general-interest-application-at-us-mobile-4423657972
4334274643,Various Positions,Stephenville Chamber of Commerce,"Stephenville, TX",8 months ago,2025-11-05,Be an early applicant,https://www.linkedin.com/jobs/view/various-positions-at-stephenville-chamber-of-commerce-4334274643
4410209686,Generalist,Sea12,"New York, NY",2 months ago,2026-05-04,,https://www.linkedin.com/jobs/view/generalist-at-sea12-4410209686
4412519725,Growth,Whop,"Brooklyn, NY",2 months ago,2026-05-10,,https://www.linkedin.com/jobs/view/growth-at-whop-4412519725
4407625601,Dexter Opportunities,Dexter,"Elkhart, IN",2 months ago,2026-04-30,Be an early applicant,https://www.linkedin.com/jobs/view/dexter-opportunities-at-dexter-4407625601
4230713275,Locator,HardRock Infrastructure Services,"Elmendorf, TX",1 year ago,2025-05-15,,https://www.linkedin.com/jobs/view/locator-at-hardrock-infrastructure-services-4230713275
4438810615,Full Time Nanny,Jovie,"Fall City, WA",4 days ago,2026-07-09,Be an early applicant,https://www.linkedin.com/jobs/view/full-time-nanny-at-jovie-4438810615
4437927517,$19/hr* + Shift Differential Pay! - STORE MAINTENANCE,Town Pump Company,"Belgrade, MT",5 days ago,2026-07-09,Be an early applicant,https://www.linkedin.com/jobs/view/%2419-hr-%2B-shift-differential-pay%21-store-maintenance-at-town-pump-company-4437927517
4103470937,General Interest,Abacus Technologies,"Hoover, AL",1 year ago,2024-11-22,,https://www.linkedin.com/jobs/view/general-interest-at-abacus-technologies-4103470937
4431881779,Job vacancies,GREEN HILLS CLEANING LIMITED,"Beowawe, NV",2 weeks ago,2026-06-24,Be an early applicant,https://www.linkedin.com/jobs/view/job-vacancies-at-green-hills-cleaning-limited-4431881779
4413931262,TEST JOB,Vibra Healthcare,"Bowling Green, KY",3 weeks ago,2026-06-22,Be an early applicant,https://www.linkedin.com/jobs/view/test-job-at-vibra-healthcare-4413931262
4419944122,Handyman,Classet,"Huntsville, AL",1 month ago,2026-05-27,Be an early applicant,https://www.linkedin.com/jobs/view/handyman-at-classet-4419944122
4423010097,Floors,Clayton,"Addison, AL",1 month ago,2026-06-03,Be an early applicant,https://www.linkedin.com/jobs/view/floors-at-clayton-4423010097
4384915043,Cashier,The Home Depot,"Beaumont, TX",4 months ago,2026-03-14,Actively Hiring,https://www.linkedin.com/jobs/view/cashier-at-the-home-depot-4384915043
4384693524,Cashier,The Home Depot,"Johnson City, NY",4 months ago,2026-03-14,Be an early applicant,https://www.linkedin.com/jobs/view/cashier-at-the-home-depot-4384693524
4384684381,Cashier,The Home Depot,"Beaumont, CA",4 months ago,2026-03-14,Actively Hiring,https://www.linkedin.com/jobs/view/cashier-at-the-home-depot-4384684381
4384643479,Cashier,The Home Depot,"Jamestown, NY",4 months ago,2026-03-14,Be an early applicant,https://www.linkedin.com/jobs/view/cashier-at-the-home-depot-4384643479
4384683716,Cashier,The Home Depot,"Monticello, NY",4 months ago,2026-03-14,Be an early applicant,https://www.linkedin.com/jobs/view/cashier-at-the-home-depot-4384683716
4384693119,Cashier,The Home Depot,"Rensselaer, NY",4 months ago,2026-03-14,Be an early applicant,https://www.linkedin.com/jobs/view/cashier-at-the-home-depot-4384693119
4384697041,Cashier,The Home Depot,"Massena, NY",4 months ago,2026-03-14,Be an early applicant,https://www.linkedin.com/jobs/view/cashier-at-the-home-depot-4384697041
4384692213,MERCHANDISING,The Home Depot,"Johnson City, NY",4 months ago,2026-03-14,Be an early applicant,https://www.linkedin.com/jobs/view/merchandising-at-the-home-depot-4384692213
4384906408,MERCHANDISING,The Home Depot,"Beaumont, TX",4 months ago,2026-03-14,Be an early applicant,https://www.linkedin.com/jobs/view/merchandising-at-the-home-depot-4384906408
4384688114,MERCHANDISING,The Home Depot,"Jasper, IN",4 months ago,2026-03-14,Be an early applicant,https://www.linkedin.com/jobs/view/merchandising-at-the-home-depot-4384688114
4384688257,Cashier,The Home Depot,"Brewster, NY",4 months ago,2026-03-14,Be an early applicant,https://www.linkedin.com/jobs/view/cashier-at-the-home-depot-4384688257
4384687243,MERCHANDISING,The Home Depot,"Niagara Falls, NY",4 months ago,2026-03-14,Be an early applicant,https://www.linkedin.com/jobs/view/merchandising-at-the-home-depot-4384687243
4384680611,Cashier,The Home Depot,"Ukiah, CA",4 months ago,2026-03-14,Be an early applicant,https://www.linkedin.com/jobs/view/cashier-at-the-home-depot-4384680611
4384638611,Cashier,The Home Depot,"Oneonta, NY",4 months ago,2026-03-14,Be an early applicant,https://www.linkedin.com/jobs/view/cashier-at-the-home-depot-4384638611
4384694227,Cashier,The Home Depot,"Fairbanks, AK",4 months ago,2026-03-14,Be an early applicant,https://www.linkedin.com/jobs/view/cashier-at-the-home-depot-4384694227
4384690689,Cashier,The Home Depot,"Hanford, CA",4 months ago,2026-03-14,Actively Hiring,https://www.linkedin.com/jobs/view/cashier-at-the-home-depot-4384690689
4384673844,Cashier,The Home Depot,"Texarkana, TX",4 months ago,2026-03-14,Be an early applicant,https://www.linkedin.com/jobs/view/cashier-at-the-home-depot-4384673844
4384687546,MERCHANDISING,The Home Depot,"Jamestown, NY",4 months ago,2026-03-14,Be an early applicant,https://www.linkedin.com/jobs/view/merchandising-at-the-home-depot-4384687546
4384674754,MERCHANDISING,The Home Depot,"Texarkana, TX",4 months ago,2026-03-14,Be an early applicant,https://www.linkedin.com/jobs/view/merchandising-at-the-home-depot-4384674754
4384691386,Cashier,The Home Depot,"Crescent City, CA",4 months ago,2026-03-14,Be an early applicant,https://www.linkedin.com/jobs/view/cashier-at-the-home-depot-4384691386
4384671713,Cashier,The Home Depot,"Victor, NY",4 months ago,2026-03-14,Be an early applicant,https://www.linkedin.com/jobs/view/cashier-at-the-home-depot-4384671713
4384672962,Repair and Tool Technician,The Home Depot,"Johnson City, NY",4 months ago,2026-03-14,Be an early applicant,https://www.linkedin.com/jobs/view/repair-and-tool-technician-at-the-home-depot-4384672962
